Text1,Text2,label
OOPs stands for representing the Object-Oriented Programming system. Programs are treated as a collection of objects in oops. Each object is nothing but an example of a class.,"OOPs stands for representing the Object-Oriented Programming system. Programs are treated as a collection of objects in oops. Each object is nothing but an example of a class.  Everything is an object, there is no data. Data lives inside each object that’s responsible for it.",1
OOP is Object Oriented Programming.,"Typically, OOPs is semi-formally defined as a style of imperative, procedural programming characterised by: Inheritance, Encapsulation & Polymorphism.",0
Machine Learning is a field of Artificial Intelligence that allows system to learn from data.,Data from learn to system allows that intelligence artificial of field is a Machine Learning.,1
Machine Learning is a field of Artificial Intelligence that allows system to learn from data.,"Determined as subdomain of AI, the machine learning model allows system to learn from data.",1
Machine Learning is a field of Artificial Intelligence that allows system to learn from data.,"The 7-seater India-bound Jeep SUV, locally built in India from 2022 is likely to be trade marketed with the name ‘Patriot’ albeit known as H6 internally. ",0
"The 7-seater India-bound Jeep SUV, locally built in India from 2022 is likely to be trade marketed with the name ‘Patriot’ albeit known as H6 internally. The new name along with new elaborating features over the previous version is aimed towards attracting customers in India. The name Jeep Patriot is inspired by a US-based Jeep called Patriot, which is a compact SUV. With this new launch, the Jeep will enter the D-segment SUV category.","The 7-seater Jeep SUV meant for the Indian market, which has been locally manufactured in India since 2022, is expected to be officially marketed under the name “Patriot,” although it is internally referred to as H6. The new name, along with additional features compared to the earlier version, is intended to attract Indian customers. The Jeep Patriot name is inspired by a compact SUV sold in the US under the same name. With this launch, Jeep will enter the D-segment SUV category in India.",1
"The 7-seater India-bound Jeep SUV, locally built in India from 2022 is likely to be trade marketed with the name ‘Patriot’ albeit known as H6 internally. The new name along with new elaborating features over the previous version is aimed towards attracting customers in India. The name Jeep Patriot is inspired by a US-based Jeep called Patriot, which is a compact SUV. With this new launch, the Jeep will enter the D-segment SUV category.","Jeep is preparing to launch its India-bound 7-seater SUV, locally produced since 2022, under the name “Patriot,” while the model is internally known as H6. The rebranding and added features compared to the previous version are aimed at increasing its appeal in the Indian market. The name Patriot is derived from a compact Jeep SUV available in the US. Through this launch, Jeep plans to make its entry into the D-segment SUV space in India.",1
"The 7-seater India-bound Jeep SUV, locally built in India from 2022 is likely to be trade marketed with the name ‘Patriot’ albeit known as H6 internally. The new name along with new elaborating features over the previous version is aimed towards attracting customers in India. The name Jeep Patriot is inspired by a US-based Jeep called Patriot, which is a compact SUV. With this new launch, the Jeep will enter the D-segment SUV category.","Jeep is set to strengthen its presence in the Indian automobile market by introducing a new 7-seater SUV positioned in the D-segment category. Manufactured locally in India, the vehicle will be launched with updated features and a refreshed identity to suit Indian consumer preferences. Drawing inspiration from Jeep’s global naming legacy, the model adopts a familiar brand name while offering a larger and more premium configuration. This launch reflects Jeep’s strategy to expand its product lineup and compete in higher SUV segments in India.",0
The facelifted BMW 6 Series GT has been launched for the Indian market in the price range of Rs 67.90 lakh to Rs 77.00 lakh. It is available in three variants which include one petrol engine and two diesel.  It will come in two trims: Luxury Line and M Sport.Notable features include four-zone climate control and wireless charging,"The facelifted BMW 6 Series GT has been launched in the Indian market with prices ranging from Rs 67.90 lakh to Rs 77.00 lakh. It is offered in three variants, including one petrol engine option and two diesel variants. The model is available in two trims, namely Luxury Line and M Sport. Key features of the car include four-zone climate control and wireless charging.",1
The facelifted BMW 6 Series GT has been launched for the Indian market in the price range of Rs 67.90 lakh to Rs 77.00 lakh. It is available in three variants which include one petrol engine and two diesel.  It will come in two trims: Luxury Line and M Sport.Notable features include four-zone climate control and wireless charging,"BMW has introduced the updated 6 Series GT in India, priced between Rs 67.90 lakh and Rs 77.00 lakh. The car is available in three different variants, consisting of one petrol-powered version and two diesel options. Buyers can choose between Luxury Line and M Sport trims. The facelifted model also offers premium features such as four-zone climate control and wireless charging support.",1
The facelifted BMW 6 Series GT has been launched for the Indian market in the price range of Rs 67.90 lakh to Rs 77.00 lakh. It is available in three variants which include one petrol engine and two diesel.  It will come in two trims: Luxury Line and M Sport.Notable features include four-zone climate control and wireless charging,"BMW has expanded its premium portfolio in India with the launch of a refreshed 6 Series GT, positioned in the luxury sedan segment. The model is offered with multiple powertrain choices, including both petrol and diesel options, and is available in distinct trim levels aimed at different buyer preferences. Designed to enhance comfort and convenience, the vehicle includes advanced cabin features that emphasize a more luxurious driving experience.",0
"The three variants of the BMW 6 Series facelift model are 630i M Sport, 620d Luxury Line, and 630d M Sport. The older variant 630i Luxury Line has been discontinued previously and a top-spec variant M Sport has been introduced which is costlier than the previous version by Rs 2 lakh.","The BMW 6 Series facelift is offered in three variants: 630i M Sport, 620d Luxury Line, and 630d M Sport. The earlier 630i Luxury Line variant has already been discontinued, and a new top-end M Sport variant has been introduced. This new M Sport version is priced around Rs 2 lakh higher than the previous model.",1
"The three variants of the BMW 6 Series facelift model are 630i M Sport, 620d Luxury Line, and 630d M Sport. The older variant 630i Luxury Line has been discontinued previously and a top-spec variant M Sport has been introduced which is costlier than the previous version by Rs 2 lakh.","BMW has made changes to the variant lineup of the facelifted 6 Series by offering three options, namely 630i M Sport, 620d Luxury Line, and 630d M Sport. The older 630i Luxury Line variant is no longer available, while a higher-spec M Sport version has been added to the range. The newly introduced M Sport variant carries a price increase of approximately Rs 2 lakh compared to the earlier version.",1
"The three variants of the BMW 6 Series facelift model are 630i M Sport, 620d Luxury Line, and 630d M Sport. The older variant 630i Luxury Line has been discontinued previously and a top-spec variant M Sport has been introduced which is costlier than the previous version by Rs 2 lakh.","As part of the update to its premium model lineup, BMW has revised the available variants for the 6 Series by removing an older trim and introducing a more feature-rich option. The current range focuses on sportier configurations and a higher-end positioning, with the newly added variant carrying a noticeable price premium over the earlier offering. This change reflects BMW’s strategy to emphasize performance-oriented trims in the refreshed model.",0
Hyundai Aura has received feature upgrades and price hikes across its variants for the year 2021. Both petrol and diesel variants are included in it.,The Hyundai Aura has received feature upgrades along with price increases across all its variants for the 2021 model year. These updates apply to both the petrol and diesel versions of the car.,1
Hyundai Aura has received feature upgrades and price hikes across its variants for the year 2021. Both petrol and diesel variants are included in it.,"For 2021, Hyundai has updated the Aura with added features and revised pricing across its range. The changes affect both petrol-powered and diesel-powered variants of the model.",1
Hyundai Aura has received feature upgrades and price hikes across its variants for the year 2021. Both petrol and diesel variants are included in it.,"Hyundai has refreshed its compact sedan lineup by making changes to equipment levels and pricing as part of its annual update. The model continues to be offered with multiple fuel options, ensuring availability for different customer preferences while reflecting the latest market adjustments.",0
"The revised prices have taken effect across all model lineup except for the base petrol E variant. The four diesel variants S, S AMT, SX(O), and SX+AMT have seen a hike of Rs 4,800. They currently retail at Rs 7.89 lakh, Rs 8.9 lakh, Rs 9.15 lakh, and Rs 9.34 lakh respectively.","The revised pricing has been implemented across the entire model range, except for the base petrol E variant. The four diesel variants—S, S AMT, SX(O), and SX+ AMT—have received a price increase of Rs 4,800. These variants are now priced at Rs 7.89 lakh, Rs 8.9 lakh, Rs 9.15 lakh, and Rs 9.34 lakh respectively.",1
"The revised prices have taken effect across all model lineup except for the base petrol E variant. The four diesel variants S, S AMT, SX(O), and SX+AMT have seen a hike of Rs 4,800. They currently retail at Rs 7.89 lakh, Rs 8.9 lakh, Rs 9.15 lakh, and Rs 9.34 lakh respectively.","Price revisions have been applied to most variants in the lineup, with the exception of the entry-level petrol E model. The diesel versions, including S, S AMT, SX(O), and SX+ AMT, have become costlier by Rs 4,800. Following the hike, their current prices stand at Rs 7.89 lakh, Rs 8.9 lakh, Rs 9.15 lakh, and Rs 9.34 lakh respectively.",1
"The revised prices have taken effect across all model lineup except for the base petrol E variant. The four diesel variants S, S AMT, SX(O), and SX+AMT have seen a hike of Rs 4,800. They currently retail at Rs 7.89 lakh, Rs 8.9 lakh, Rs 9.15 lakh, and Rs 9.34 lakh respectively.","As part of the latest pricing update, most variants in the range have seen a revision, while the entry-level petrol option remains unchanged. The adjustment primarily impacts diesel-powered versions, which now carry slightly higher price tags across multiple trim levels. These changes reflect routine pricing updates based on market and cost considerations.",0
"The eight petrol variants S, S AMT, SX, SX(O), SX+AMT, SX+Turbo, S CNG has also received a hike of Rs 4,000. They have now priced at Rs 6.72 lakh, Rs 7.22 lakh, Rs 7.41 lakh, Rs 7.97 lakh, Rs 8.16 lakh, Rs 8.70 lakh, Rs 7.48 lakh respectively.","The eight petrol variants—S, S AMT, SX, SX(O), SX+ AMT, SX+ Turbo, and S CNG—have also received a price increase of Rs 4,000. These variants are now priced at Rs 6.72 lakh, Rs 7.22 lakh, Rs 7.41 lakh, Rs 7.97 lakh, Rs 8.16 lakh, Rs 8.70 lakh, and Rs 7.48 lakh respectively.",1
"The eight petrol variants S, S AMT, SX, SX(O), SX+AMT, SX+Turbo, S CNG has also received a hike of Rs 4,000. They have now priced at Rs 6.72 lakh, Rs 7.22 lakh, Rs 7.41 lakh, Rs 7.97 lakh, Rs 8.16 lakh, Rs 8.70 lakh, Rs 7.48 lakh respectively.","Hyundai has revised the prices of its petrol-powered variants by increasing them by Rs 4,000. The affected trims include S, S AMT, SX, SX(O), SX+ AMT, SX+ Turbo, and S CNG. Following the update, the prices range from Rs 6.72 lakh to Rs 8.70 lakh, depending on the variant.",1
"The eight petrol variants S, S AMT, SX, SX(O), SX+AMT, SX+Turbo, S CNG has also received a hike of Rs 4,000. They have now priced at Rs 6.72 lakh, Rs 7.22 lakh, Rs 7.41 lakh, Rs 7.97 lakh, Rs 8.16 lakh, Rs 8.70 lakh, Rs 7.48 lakh respectively.","As part of a broader price adjustment, several petrol variants in the lineup have seen a marginal increase in cost. The revised pricing impacts multiple trim levels, reflecting standard market-driven updates, while maintaining a wide range of options for customers across different budget segments.",0
"Indian market is expecting a new D-Max V-Cross soon. Meanwhile, the brochure regarding its specifications has been leaked online. It has features, specifications, colors, and other information.","The Indian market is expected to receive a new D-Max V-Cross in the near future. In the meantime, a brochure detailing its specifications has been leaked online. The document reveals information related to its features, specifications, color options, and other details.",1
"Indian market is expecting a new D-Max V-Cross soon. Meanwhile, the brochure regarding its specifications has been leaked online. It has features, specifications, colors, and other information.","A new D-Max V-Cross is anticipated for launch in the Indian market, and ahead of its official debut, its specification brochure has surfaced online. The leaked material provides insights into the vehicle’s features, technical specifications, available colors, and additional information.",1
"Indian market is expecting a new D-Max V-Cross soon. Meanwhile, the brochure regarding its specifications has been leaked online. It has features, specifications, colors, and other information.","Ahead of its official launch in India, details of an upcoming pickup truck have emerged through unofficial sources. Information circulating online offers an overview of the vehicle’s design, equipment, and configuration options, giving potential buyers an early look at what to expect from the model.",0
Earlier in April 2021 – Isuzu Motors has revealed teaser images of the new V-Cross and hinted about its launch in India very soon. It will meet the stringent BS6 emission norms.,"Earlier in April 2021, Isuzu Motors revealed teaser images of the new V-Cross and indicated that it would be launched in the Indian market soon. The upcoming model will also comply with the strict BS6 emission norms.",1
Earlier in April 2021 – Isuzu Motors has revealed teaser images of the new V-Cross and hinted about its launch in India very soon. It will meet the stringent BS6 emission norms.,"In April 2021, Isuzu Motors released teaser images of its upcoming V-Cross, suggesting that the vehicle would be introduced in India in the near future. The model is expected to meet the latest BS6 emission standards.",1
Earlier in April 2021 – Isuzu Motors has revealed teaser images of the new V-Cross and hinted about its launch in India very soon. It will meet the stringent BS6 emission norms.,"Isuzu has begun building anticipation for its next pickup truck by sharing preview images earlier in 2021. The company has confirmed that the upcoming model will be engineered to comply with current emission regulations, signaling readiness for the Indian market launch.",0
"New V-Cross has two model line up – 2WD and 4WD i.e, two variants two-wheel-drive Z Prestige and 4-wheel-drive Z Prestige. The overall change is only associated with the new engine. ","The new V-Cross comes with two model options, including 2WD and 4WD variants, namely the two-wheel-drive Z Prestige and the four-wheel-drive Z Prestige. The only major update in the lineup is related to the introduction of a new engine.",1
"New V-Cross has two model line up – 2WD and 4WD i.e, two variants two-wheel-drive Z Prestige and 4-wheel-drive Z Prestige. The overall change is only associated with the new engine. ","The updated V-Cross is offered in two variants: a 2WD Z Prestige and a 4WD Z Prestige. Apart from these drivetrain options, the primary change in the new model is limited to the engine update.",1
"New V-Cross has two model line up – 2WD and 4WD i.e, two variants two-wheel-drive Z Prestige and 4-wheel-drive Z Prestige. The overall change is only associated with the new engine. ","The latest iteration of the V-Cross focuses on a simplified variant structure with two drivetrain choices aimed at different usage needs. While customers can select between rear-wheel and four-wheel drive configurations, the update itself concentrates mainly on mechanical improvements rather than cosmetic or feature changes.",0
"Other prominent features include LED tail lamps, Bi-LED projector headlamps, fog lamps, roof rails, 18-inch alloy wheels, B-pillar black-out film, LED DRLs, an electrically adjustable driver seat, a 7-inch infotainment system, roof-mounted 8-speaker audio system, automatic AC, anti-pinch auto power windows, shift-on-fly 4WD mode, and steering mounted controls. Safety has been taken care of with features like six airbags, ESC, Hill Descent Control, Hill Start Assist, rear parking sensors, rear parking camera, electronic stability control, traction control and many more.","Other notable features of the vehicle include LED tail lamps, Bi-LED projector headlamps, fog lamps, roof rails, 18-inch alloy wheels, B-pillar black-out film, LED DRLs, an electrically adjustable driver seat, a 7-inch infotainment system, roof-mounted 8-speaker audio system, automatic AC, anti-pinch auto power windows, shift-on-fly 4WD mode, and steering-mounted controls. Safety is ensured with six airbags, ESC, Hill Descent Control, Hill Start Assist, rear parking sensors, rear parking camera, electronic stability control, traction control, and more.",1
"Other prominent features include LED tail lamps, Bi-LED projector headlamps, fog lamps, roof rails, 18-inch alloy wheels, B-pillar black-out film, LED DRLs, an electrically adjustable driver seat, a 7-inch infotainment system, roof-mounted 8-speaker audio system, automatic AC, anti-pinch auto power windows, shift-on-fly 4WD mode, and steering mounted controls. Safety has been taken care of with features like six airbags, ESC, Hill Descent Control, Hill Start Assist, rear parking sensors, rear parking camera, electronic stability control, traction control and many more.","Key features of the car include Bi-LED projector headlamps, LED tail lamps, fog lights, roof rails, 18-inch alloys, blacked-out B-pillars, LED DRLs, a power-adjustable driver seat, a 7-inch infotainment display, an 8-speaker roof-mounted audio system, automatic climate control, anti-pinch windows, shift-on-fly 4WD, and steering-mounted controls. Safety equipment includes six airbags, ESC, Hill Descent and Hill Start Assist, rear parking camera and sensors, traction control, and electronic stability support.",1
"Other prominent features include LED tail lamps, Bi-LED projector headlamps, fog lamps, roof rails, 18-inch alloy wheels, B-pillar black-out film, LED DRLs, an electrically adjustable driver seat, a 7-inch infotainment system, roof-mounted 8-speaker audio system, automatic AC, anti-pinch auto power windows, shift-on-fly 4WD mode, and steering mounted controls. Safety has been taken care of with features like six airbags, ESC, Hill Descent Control, Hill Start Assist, rear parking sensors, rear parking camera, electronic stability control, traction control and many more.","The vehicle comes equipped with a wide range of convenience, comfort, and safety features. These include advanced lighting, alloy wheels, power-adjustable seating, a touchscreen infotainment system, and a premium audio setup. Driving support features such as 4WD mode, automatic climate control, and steering-mounted controls enhance usability. Safety has been prioritized through multiple airbags, stability control systems, traction management, hill-assist functions, and parking aids, ensuring a secure driving experience.",0
The much-awaited second-generation GLA is expected to be launched in India by mid-May with the tentative price tag of Rs 42.90 lakh. It has been revealed earlier in 2019 in India at Auto Expo. ,"The highly anticipated second-generation GLA is expected to launch in India by mid-May, with a tentative price of Rs 42.90 lakh. It was previously showcased in India at the 2019 Auto Expo.",1
The much-awaited second-generation GLA is expected to be launched in India by mid-May with the tentative price tag of Rs 42.90 lakh. It has been revealed earlier in 2019 in India at Auto Expo. ,"The second-generation GLA, which has been eagerly awaited, is scheduled for a mid-May launch in India with an estimated price of Rs 42.90 lakh. The model was initially unveiled in India during the 2019 Auto Expo.",1
The much-awaited second-generation GLA is expected to be launched in India by mid-May with the tentative price tag of Rs 42.90 lakh. It has been revealed earlier in 2019 in India at Auto Expo. ,"Mercedes-Benz plans to introduce the next-generation GLA in India around mid-May, priced approximately at Rs 42.90 lakh. The vehicle was first presented at the 2019 Auto Expo, offering early insights into its design and features for the Indian market.",0
The front has got larger headlamps and grille. The bonnet has got crease lines to give the car a muscular look which flows back to the single slat grille.,"The front of the car features larger headlamps and a prominent grille. The bonnet has crease lines to give a muscular appearance, which continues into the single slat grille. The car’s aesthetics are enhanced with new LED headlamps. At the rear, the profile has been updated with sleeker split LED tail lamps and a redesigned bumper.",1
The front has got larger headlamps and grille. The bonnet has got crease lines to give the car a muscular look which flows back to the single slat grille.,"The vehicle’s front end now includes bigger headlamps and a redesigned grille, while crease lines on the bonnet provide a stronger, muscular look flowing into the single slat grille. LED headlamps contribute to the overall styling. The rear has been refreshed with slimmer split LED tail lights and an updated bumper design.",1
The front has got larger headlamps and grille. The bonnet has got crease lines to give the car a muscular look which flows back to the single slat grille.,"Design updates focus on enhancing both style and presence. The front receives larger lighting elements and a sculpted bonnet for a bold appearance, complemented by LED headlamps. The rear has been refined with sharper split tail lamps and a reworked bumper, giving the car a modern and cohesive look from all angles.",0
The enthusiasts have expected the new GLA to carry a  2.0-litre diesel engine and the 1.3-litre turbo-petrol mild-hybrid powertrain. The expected price for the new GLA is Rs 42.90 lakh. ,Enthusiasts expect the new GLA to be offered with a 2.0-litre diesel engine and a 1.3-litre turbo-petrol mild-hybrid powertrain. The anticipated price of the vehicle is Rs 42.90 lakh.,1
The enthusiasts have expected the new GLA to carry a  2.0-litre diesel engine and the 1.3-litre turbo-petrol mild-hybrid powertrain. The expected price for the new GLA is Rs 42.90 lakh. ,The new GLA is rumored to feature a 2.0-litre diesel unit along with a 1.3-litre turbo-petrol mild-hybrid setup. Its estimated price is around Rs 42.90 lakh.,1
The enthusiasts have expected the new GLA to carry a  2.0-litre diesel engine and the 1.3-litre turbo-petrol mild-hybrid powertrain. The expected price for the new GLA is Rs 42.90 lakh. ,"The upcoming GLA is expected to offer both diesel and petrol powertrain options, including a 2.0-litre diesel and a 1.3-litre turbo-petrol mild-hybrid system. The model is likely to be priced close to Rs 42.90 lakh in India.",0
"After months of speculations, the new 2022 GMC Hummer EV is all set to be launched in its electric avatar this time. Originally known for its active role in American movies and as a military vehicle, it had undergone many updates till 2010 to come up with new bits both on designing and mechanical aspects. However, it was discontinued in 2010.","After months of speculation, the 2022 GMC Hummer EV is finally set to launch in its electric version. Originally famous for its appearances in American films and as a military vehicle, the Hummer underwent several updates until 2010, including design and mechanical changes. It was discontinued in 2010.",1
"After months of speculations, the new 2022 GMC Hummer EV is all set to be launched in its electric avatar this time. Originally known for its active role in American movies and as a military vehicle, it had undergone many updates till 2010 to come up with new bits both on designing and mechanical aspects. However, it was discontinued in 2010.","The new 2022 GMC Hummer EV is expected to make a comeback in an electric avatar after months of rumors. The Hummer, widely known for its role in American movies and as a military vehicle, had received multiple design and mechanical updates until it was discontinued in 2010.",1
"After months of speculations, the new 2022 GMC Hummer EV is all set to be launched in its electric avatar this time. Originally known for its active role in American movies and as a military vehicle, it had undergone many updates till 2010 to come up with new bits both on designing and mechanical aspects. However, it was discontinued in 2010.","Following months of anticipation, GMC is preparing to reintroduce the Hummer as a fully electric vehicle in 2022. The model, historically recognized for its use in films and military applications, had evolved through several updates before being discontinued in 2010, marking a significant relaunch in its electric form.",0
"Now GMC has come up with an electric super truck as a new Hummer brand. With its launch, it has been anticipated as a great push to the electric vehicle market as a combination of technology, speed, and flexibility.","GMC has introduced an electric super truck under the Hummer brand. With its launch, it is expected to provide a significant boost to the electric vehicle market, combining advanced technology, high speed, and flexibility.",1
"Now GMC has come up with an electric super truck as a new Hummer brand. With its launch, it has been anticipated as a great push to the electric vehicle market as a combination of technology, speed, and flexibility.","The new Hummer from GMC is an electric super truck that aims to make a strong impact on the EV market. Its launch is seen as a blend of cutting-edge technology, performance, and versatility.",1
"Now GMC has come up with an electric super truck as a new Hummer brand. With its launch, it has been anticipated as a great push to the electric vehicle market as a combination of technology, speed, and flexibility.","GMC’s latest offering, an all-electric truck under the Hummer brand, is designed to strengthen the presence of EVs in the market. The vehicle emphasizes a balance of modern technology, agility, and practical utility, positioning it as a notable entry in the electric truck segment.",0
"Earlier in 2020, “General Motors” GM already unveiled the GMC with an electric pickup truck name tag but now has been introduced as SUV version of an electric truck which is assumed to hit the street by 2023.","Earlier in 2020, General Motors (GM) had unveiled the GMC as an electric pickup truck. Now, it has been introduced as an SUV version of the electric truck, which is expected to be launched by 2023.",1
"Earlier in 2020, “General Motors” GM already unveiled the GMC with an electric pickup truck name tag but now has been introduced as SUV version of an electric truck which is assumed to hit the street by 2023.","In 2020, GM revealed an electric pickup truck under the GMC brand. The vehicle has now been presented as an SUV variant of the electric truck, with a planned launch anticipated in 2023.",1
"Earlier in 2020, “General Motors” GM already unveiled the GMC with an electric pickup truck name tag but now has been introduced as SUV version of an electric truck which is assumed to hit the street by 2023.","General Motors initially showcased an electric pickup under the GMC brand in 2020. The company is now preparing an SUV variant of this electric truck, which is projected to enter the market around 2023, expanding its electric vehicle lineup.",0
"Except for the entry-level GMC EV, the least expensive trim level is powered with a 400V 16-module battery system with a claimed range of over 400km. The 3-motor setup with an 800V 20-module battery system offers maximum power delivery of 830PS and 15,592Nm of peak torque. It has a claimed range of over 480km and offers up to 300kW of fast charging.","Except for the entry-level GMC EV, the least expensive trim comes with a 400V 16-module battery system, offering a claimed range of over 400 km. The 3-motor variant uses an 800V 20-module battery system, delivering a maximum power of 830 PS and peak torque of 15,592 Nm. It has a claimed range exceeding 480 km and supports fast charging of up to 300 kW.",1
"Except for the entry-level GMC EV, the least expensive trim level is powered with a 400V 16-module battery system with a claimed range of over 400km. The 3-motor setup with an 800V 20-module battery system offers maximum power delivery of 830PS and 15,592Nm of peak torque. It has a claimed range of over 480km and offers up to 300kW of fast charging.","Apart from the base GMC EV, the more affordable trim is equipped with a 400V 16-module battery, providing a range above 400 km. The top 3-motor configuration features an 800V 20-module battery system, producing 830 PS of power and 15,592 Nm of torque. Its range is reported to exceed 480 km and it supports fast charging up to 300 kW.",1
"Except for the entry-level GMC EV, the least expensive trim level is powered with a 400V 16-module battery system with a claimed range of over 400km. The 3-motor setup with an 800V 20-module battery system offers maximum power delivery of 830PS and 15,592Nm of peak torque. It has a claimed range of over 480km and offers up to 300kW of fast charging.","With the exception of the entry-level GMC EV, the higher trims offer advanced battery configurations. The basic model uses a 400V battery system capable of covering around 400 km, while the premium 3-motor version integrates an 800V setup, delivering high power and torque figures. The top variant also supports fast charging up to 300 kW and a range exceeding 480 km, emphasizing performance and efficiency.",0
"A Tracer Box Model In scientific practice, one often has observations of elements of the solution of the di erential system or other model. Such situations vary enormously in the complexity and sophistication of both the data and the model. A useful and interesting example of a simple system, with applications in many fields, is one in which there is a large reservoir (Figure 1.2) connected to a number of source regions which provide fluid to the reservoir. One would like to determine the agetracerfig} rate of mass transfer from each source region to the reservoir.","In scientific practice, researchers often observe elements of the solution of a differential system or another model. The complexity of both the data and the model can vary greatly. A simple and interesting example involves a large reservoir (Figure 1.2) connected to several source regions that supply fluid to it. The goal is to determine the rate of mass transfer from each source region to the reservoir.",1
"A Tracer Box Model In scientific practice, one often has observations of elements of the solution of the di erential system or other model. Such situations vary enormously in the complexity and sophistication of both the data and the model. A useful and interesting example of a simple system, with applications in many fields, is one in which there is a large reservoir (Figure 1.2) connected to a number of source regions which provide fluid to the reservoir. One would like to determine the agetracerfig} rate of mass transfer from each source region to the reservoir.",Scientific studies frequently involve observations of components of the solution of a differential system or similar models. These situations can differ widely in complexity and data sophistication. One illustrative case is a large reservoir linked to multiple source regions providing fluid input. The objective is to estimate the mass transfer rate from each source region to the reservoir.,1
"A Tracer Box Model In scientific practice, one often has observations of elements of the solution of the di erential system or other model. Such situations vary enormously in the complexity and sophistication of both the data and the model. A useful and interesting example of a simple system, with applications in many fields, is one in which there is a large reservoir (Figure 1.2) connected to a number of source regions which provide fluid to the reservoir. One would like to determine the agetracerfig} rate of mass transfer from each source region to the reservoir.","In research applications, it is common to measure aspects of solutions from differential equations or related models, which can range from simple to highly complex. A typical example is a reservoir system connected to various source areas supplying fluid. The primary task in such a system is to calculate how much mass flows from each source into the reservoir over time.",0
"A simple reservoir problem in which there are multiple sources of flow, at rates Ml0> each carrying an identifiable property Fl, perhaps a chemical concentration. In the forward problem, given Ml0>Fl one could calculate F0= Oneformof inverseproblem provides F0 and the Fl and seeks the values of Ml0=","A simple reservoir problem involves multiple sources of flow, each with a rate Ml0M_{l0}Ml0? and carrying a measurable property FlF_lFl?, such as a chemical concentration. In the forward problem, knowing Ml0M_{l0}Ml0? and FlF_lFl? allows calculation of F0F_0F0?. One type of inverse problem, however, provides F0F_0F0? and FlF_lFl? and seeks to determine the values of Ml0M_{l0}Ml0?.",1
"A simple reservoir problem in which there are multiple sources of flow, at rates Ml0> each carrying an identifiable property Fl, perhaps a chemical concentration. In the forward problem, given Ml0>Fl one could calculate F0= Oneformof inverseproblem provides F0 and the Fl and seeks the values of Ml0=","n a basic reservoir scenario, there are several flow sources, each with a flow rate Ml0M_{l0}Ml0? and an associated property FlF_lFl? (e.g., concentration). The forward problem uses Ml0M_{l0}Ml0? and FlF_lFl? to compute F0F_0F0?. Conversely, an inverse problem starts with F0F_0F0? and FlF_lFl? and aims to find the corresponding Ml0M_{l0}Ml0? values.",1
"A simple reservoir problem in which there are multiple sources of flow, at rates Ml0> each carrying an identifiable property Fl, perhaps a chemical concentration. In the forward problem, given Ml0>Fl one could calculate F0= Oneformof inverseproblem provides F0 and the Fl and seeks the values of Ml0=","Consider a reservoir receiving fluid from multiple sources, each characterized by a specific flow rate and property, such as a chemical concentration. In the forward analysis, these flow rates and properties are used to predict the resulting property in the reservoir. In contrast, the inverse problem uses observed reservoir properties to estimate the original flow rates from each source.",0
"A Tomographic Problem So-called tomographic problems occur in many fields, most notably in medicine, but also in materials testing, oceanography, meteorology and geophysics. Generically, they arise when one is faced with the problem of inferring the distribution of properties inside an area or volume based upon a series of integrals through the region.","Tomographic problems appear in many areas, particularly in medicine, but also in materials testing, oceanography, meteorology, and geophysics. They typically arise when it is necessary to infer the distribution of properties inside a region based on a series of integrals taken through that area or volume.",1
"A Tomographic Problem So-called tomographic problems occur in many fields, most notably in medicine, but also in materials testing, oceanography, meteorology and geophysics. Generically, they arise when one is faced with the problem of inferring the distribution of properties inside an area or volume based upon a series of integrals through the region.","So-called tomographic problems are encountered across various fields, including medical imaging, materials testing, oceanography, meteorology, and geophysics. These problems generally involve determining the internal distribution of properties in a given area or volume using multiple integrals measured through the region.",1
"A Tomographic Problem So-called tomographic problems occur in many fields, most notably in medicine, but also in materials testing, oceanography, meteorology and geophysics. Generically, they arise when one is faced with the problem of inferring the distribution of properties inside an area or volume based upon a series of integrals through the region.","Tomography is applied in numerous disciplines, from healthcare to earth sciences, whenever there is a need to estimate how properties are distributed within a space. The process relies on data collected along multiple paths through the region to reconstruct an internal map of the property distribution.",0
"Simplified geometry for defining a tomographic problem. Some squares may have no integrals passing through them; others may be multiply-covered. Boxes outside the physical body can be handled in a number of ways, including the addition of constraints setting the corresponding fm =0=","A simplified geometry can be used to define a tomographic problem. Some squares may not have any integrals passing through them, while others may be covered multiple times. Boxes outside the physical body can be addressed in various ways, including adding constraints that set the corresponding fm=0f_m = 0fm?=0.",1
"Simplified geometry for defining a tomographic problem. Some squares may have no integrals passing through them; others may be multiply-covered. Boxes outside the physical body can be handled in a number of ways, including the addition of constraints setting the corresponding fm =0=","In a simplified tomographic setup, certain squares may receive no integrals, whereas others may be intersected multiple times. Regions outside the actual body can be treated using different approaches, such as imposing constraints that assign a value of zero to the respective fmf_mfm?.",1
"Simplified geometry for defining a tomographic problem. Some squares may have no integrals passing through them; others may be multiply-covered. Boxes outside the physical body can be handled in a number of ways, including the addition of constraints setting the corresponding fm =0=","For defining a tomographic problem, the geometry is often simplified into a grid. Some cells may not be traversed by any measurement paths, while others may be covered repeatedly. Areas beyond the physical object can be managed by applying constraints, such as setting their associated property values to zero.",0
"Volume of fluid bounded on four open sides across which fluid is supposed to flow. Mass is conserved, giving one relationship among the fluid transports yl; conservation of one or more other tracers Fl leads to additional useful relationships. the continuous function f (r) can be expanded, X X f (r)= dqpWq (u{)Wp (u|)> t s","Consider a volume of fluid bounded on four open sides, through which fluid is expected to flow. Mass is conserved, providing one relationship among the fluid transports yly_lyl?; conservation of one or more additional tracers FlF_lFl? yields further useful relationships. The continuous function f(r)f(r)f(r) can be expanded as:f(r)=??dqpWq(u)Wp(u)?f(r) = \sum \sum d q_p W_q(u) W_p(u) \cdotsf(r)=??dqp?Wq?(u)Wp?(u)?",1
"Volume of fluid bounded on four open sides across which fluid is supposed to flow. Mass is conserved, giving one relationship among the fluid transports yl; conservation of one or more other tracers Fl leads to additional useful relationships. the continuous function f (r) can be expanded, X X f (r)= dqpWq (u{)Wp (u|)> t s","A fluid volume with four open boundaries allows flow across its sides. Conservation of mass gives a relationship between the fluid transports yly_lyl?, while conserving additional tracers FlF_lFl? provides more constraints. The continuous function f(r)f(r)f(r) can be represented by the expansion:",1
"Volume of fluid bounded on four open sides across which fluid is supposed to flow. Mass is conserved, giving one relationship among the fluid transports yl; conservation of one or more other tracers Fl leads to additional useful relationships. the continuous function f (r) can be expanded, X X f (r)= dqpWq (u{)Wp (u|)> t s","The system consists of a fluid domain open on four sides, enabling flow across its boundaries. Mass conservation establishes one equation for the fluid transport, and tracking additional properties or tracers introduces extra constraints. The continuous function f(r)f(r)f(r) describing the system can be expressed in an expanded mathematical form, allowing detailed analysis of the flow and tracer distribution.",0
"A Second Tracer Problem Consider the closed volume in Fig. 1.5 enclosed by four boundaries as shown. There are steady flows, yl (})> 1 l 4 either into or out of the volume, each carrying a corresponding f luid of constant density 0. } is the vertical coordinate. If the width of each boundary is ol> the statement that mass is conserved within the volume is simply, u X Z 0 ol 0 yl (})g} =0>","Consider a closed volume, as shown in Figure 1.5, bounded by four sides. Steady flows yl(z)y_l(z)yl?(z) enter or leave the volume, each transporting fluid of constant density ?\rho?. Here, zzz represents the vertical coordinate, and each boundary has width ?l\Delta l?l. The conservation of mass within the volume is expressed as:?l=14?0?lyl(z)dz=0\sum_{l=1}^{4} \int_0^{\Delta l} y_l(z) dz = 0l=1?4??0?l?yl?(z)dz=0",1
"A Second Tracer Problem Consider the closed volume in Fig. 1.5 enclosed by four boundaries as shown. There are steady flows, yl (})> 1 l 4 either into or out of the volume, each carrying a corresponding f luid of constant density 0. } is the vertical coordinate. If the width of each boundary is ol> the statement that mass is conserved within the volume is simply, u X Z 0 ol 0 yl (})g} =0>","In the closed volume illustrated in Figure 1.5, four boundaries define the system. Steady flows yl(z)y_l(z)yl?(z) pass either into or out of the volume, each carrying fluid of uniform density. Denoting zzz as the vertical coordinate and ?l\Delta l?l as the width of a boundary, mass conservation is represented mathematically by:?l=14?0?lyl(z)dz=0\sum_{l=1}^{4} \int_0^{\Delta l} y_l(z) dz = 0l=1?4??0?l?yl?(z)dz=0",1
"A Second Tracer Problem Consider the closed volume in Fig. 1.5 enclosed by four boundaries as shown. There are steady flows, yl (})> 1 l 4 either into or out of the volume, each carrying a corresponding f luid of constant density 0. } is the vertical coordinate. If the width of each boundary is ol> the statement that mass is conserved within the volume is simply, u X Z 0 ol 0 yl (})g} =0>","A closed volume bounded by four edges, as depicted in Figure 1.5, contains steady fluid flows across its sides. Each flow carries fluid at a constant density, and the vertical position is denoted by zzz. By considering the widths of the boundaries, the principle of mass conservation within the volume ensures that the net transport through all sides sums to zero, providing a foundational equation for further analysis.",0
"Artificial Intelligence is a pivot of evolving technology. The world is transforming- reason, of the growing role of AI in almost every field.","Artificial Intelligence (AI) is at the core of modern technological evolution. The world is changing due to the increasing role of AI in nearly every sector. From transforming education and daily life to handling sudden events such as COVID-19, AI plays a key role in decision-making.",1
"Artificial Intelligence is a pivot of evolving technology. The world is transforming- reason, of the growing role of AI in almost every field.","A Tomographic Problem So-called tomographic problems occur in many fields, most notably in medicine, but also in materials testing, oceanography, meteorology and geophysics. Generically, they arise when one is faced with the problem of inferring the distribution of properties inside an area or volume based upon a series of integrals through the region.",0
"Be its reform in the education system, reform in our everyday lives, or dealing with sudden outbursts of events/diseases like COVID - AI has its hand in every decision-making process. The world of banking is also not far from the magic of Artificial Intelligence. With the help of machine learning algorithms and AI-powered solutions, banks are well versed to deal with fraudulent transactions, chatbots and voice assistants, anti-money laundering processes, staffing, operations, data security, etc.","Artificial Intelligence has emerged as a key driver of technological advancement, impacting nearly every aspect of society. It contributes to improvements in education, everyday decision-making, and responses to crises such as COVID-19. In the financial sector, AI-driven tools and machine learning algorithms enable banks to enhance fraud detection, automate customer support, streamline operations, and strengthen data protection.",0
"Be its reform in the education system, reform in our everyday lives, or dealing with sudden outbursts of events/diseases like COVID - AI has its hand in every decision-making process. The world of banking is also not far from the magic of Artificial Intelligence. With the help of machine learning algorithms and AI-powered solutions, banks are well versed to deal with fraudulent transactions, chatbots and voice assistants, anti-money laundering processes, staffing, operations, data security, etc.","A Second Tracer Problem Consider the closed volume in Fig. 1.5 enclosed by four boundaries as shown. There are steady flows, yl (})> 1 l 4 either into or out of the volume, each carrying a corresponding f luid of constant density 0. } is the vertical coordinate. If the width of each boundary is ol> the statement that mass is conserved within the volume is simply, u X Z 0 ol 0 yl (})g} =0>",0
"Artificial Intelligence is a pivot of evolving technology. The world is transforming- reason, of the growing role of AI in almost every field.","Artificial Intelligence (AI) is at the core of modern technological evolution. The world is changing due to the increasing role of AI in nearly every sector. From transforming education and daily life to handling sudden events such as COVID-19, AI plays a key role in decision-making. In banking, AI and machine learning algorithms help manage fraudulent transactions, chatbots and voice assistants, anti-money laundering, staffing, operations, data security, and more.",1
"Volume of fluid bounded on four open sides across which fluid is supposed to flow. Mass is conserved, giving one relationship among the fluid transports yl; conservation of one or more other tracers Fl leads to additional useful relationships. the continuous function f (r) can be expanded, X X f (r)= dqpWq (u{)Wp (u|)> t s",,0
"Chatbots using AI systems are automated services applied in almost every industry. Customers can get their queries resolved online within less time. Using NLP, chatbots are trained with all potential flows of questions and answers. NLP is a technique in AI that is yet to be explored fully-and works by easing out human-machine interaction.","AI-powered chatbots are automated services used across various industries. They help customers get their queries resolved quickly. Using Natural Language Processing (NLP), chatbots are trained on different possible question-and-answer flows. NLP, a key AI technique, enhances human-machine interaction and is still being explored for its full potential.",1
"Chatbots using AI systems are automated services applied in almost every industry. Customers can get their queries resolved online within less time. Using NLP, chatbots are trained with all potential flows of questions and answers. NLP is a technique in AI that is yet to be explored fully-and works by easing out human-machine interaction.","Chatbots leveraging AI provide automated support in almost every sector, allowing users to resolve queries efficiently. These chatbots use NLP to learn potential question and answer patterns. NLP, an AI-based technology, simplifies communication between humans and machines and continues to have untapped potential.",1
"Chatbots using AI systems are automated services applied in almost every industry. Customers can get their queries resolved online within less time. Using NLP, chatbots are trained with all potential flows of questions and answers. NLP is a technique in AI that is yet to be explored fully-and works by easing out human-machine interaction.","AI-driven chatbots serve as automated assistants in many industries, helping users get quick solutions to their questions. They rely on Natural Language Processing to understand and respond to various queries. NLP facilitates smoother interaction between humans and machines and remains an area with significant potential for further development.",0
"Money laundering and many other major challenges are faced by the banking industry at the global level. With AI in its crate, banks are now improving and increasing the effectiveness and efficiency of financial crime investigations.","The banking industry faces global challenges such as money laundering. With AI in place, banks are enhancing the effectiveness and efficiency of financial crime investigations.",1
"Money laundering and many other major challenges are faced by the banking industry at the global level. With AI in its crate, banks are now improving and increasing the effectiveness and efficiency of financial crime investigations.","Banks around the world encounter significant issues like money laundering. By implementing AI, they are improving the efficiency and accuracy of investigating financial crimes.",1
"Money laundering and many other major challenges are faced by the banking industry at the global level. With AI in its crate, banks are now improving and increasing the effectiveness and efficiency of financial crime investigations.","Financial institutions globally deal with complex challenges, including money laundering. Leveraging AI technology allows banks to streamline and strengthen their processes for detecting and addressing financial crimes more effectively",0
"To combat money laundering, banks have to review about 20 million bank transactions which are prone to error when done manually. Unsupervised and supervised algorithms in machine learning can easily analyze and differentiate between a typical banking behavior and any suspicious activity.AI systems analyze past data, observe patterns, and create different segments based on consistent transaction behavior.Each of these segments is assigned certain parameters - then every future transaction is subjected to analysis based on these parameters.","To prevent money laundering, banks must manually review around 20 million transactions, which can be error-prone. Machine learning algorithms, both supervised and unsupervised, can efficiently analyze and distinguish between normal banking behavior and suspicious activity. AI systems examine historical data, identify patterns, and create segments based on consistent transaction behaviors. Parameters are assigned to each segment, and all future transactions are analyzed against these parameters.",1
"To combat money laundering, banks have to review about 20 million bank transactions which are prone to error when done manually. Unsupervised and supervised algorithms in machine learning can easily analyze and differentiate between a typical banking behavior and any suspicious activity.AI systems analyze past data, observe patterns, and create different segments based on consistent transaction behavior.Each of these segments is assigned certain parameters - then every future transaction is subjected to analysis based on these parameters.","Banks handle approximately 20 million transactions while monitoring for money laundering, a process that is prone to mistakes when done manually. Machine learning, using supervised and unsupervised methods, can detect unusual activities by comparing them with normal transaction behavior. AI evaluates past data, identifies patterns, and groups transactions into segments with assigned parameters, which are then used to monitor and analyze all future transactions.",1
"To combat money laundering, banks have to review about 20 million bank transactions which are prone to error when done manually. Unsupervised and supervised algorithms in machine learning can easily analyze and differentiate between a typical banking behavior and any suspicious activity.AI systems analyze past data, observe patterns, and create different segments based on consistent transaction behavior.Each of these segments is assigned certain parameters - then every future transaction is subjected to analysis based on these parameters.","Monitoring millions of bank transactions for money laundering manually is highly prone to errors. AI and machine learning simplify this task by analyzing historical transaction data, recognizing behavioral patterns, and segmenting accounts accordingly. Each segment has specific rules, allowing AI systems to automatically flag any future transactions that deviate from normal behavior, increasing the speed and accuracy of fraud detection",0
"Having a satisfactory amount of customer transaction and customer behavior data, machine learning algorithms and AI models like CNN are trained to easily detect fraudulent activities. These models observe search patterns that help banks in detecting risky customer profiles.","Chatbots using AI systems are automated services applied in almost every industry. Customers can get their queries resolved online within less time. Using NLP, chatbots are trained with all potential flows of questions and answers. NLP is a technique in AI that is yet to be explored fully-and works by easing out human-machine interaction.",0
"Having a satisfactory amount of customer transaction and customer behavior data, machine learning algorithms and AI models like CNN are trained to easily detect fraudulent activities. These models observe search patterns that help banks in detecting risky customer profiles.","Money laundering and many other major challenges are faced by the banking industry at the global level. With AI in its crate, banks are now improving and increasing the effectiveness and efficiency of financial crime investigations.",0
"Other notable significances include dealing with customer privacy, preventing money laundering, monitoring wire transfers, monitoring transactions using AI, virtual assistants, and improved loan and credit decisions. AI-based loan decision system studies credit history to help the bank make profitable loan and credit decisions.","Banks can train AI models, including CNNs, using extensive transaction and customer behavior data to spot fraudulent activities. By observing patterns, these models identify high-risk customers. Additional advantages include protecting customer privacy, preventing money laundering, overseeing wire transfers and transactions, deploying virtual assistants, and enhancing loan and credit decisions through AI systems that analyze credit history for profitable lending.",1
"Having a satisfactory amount of customer transaction and customer behavior data, machine learning algorithms and AI models like CNN are trained to easily detect fraudulent activities. These models observe search patterns that help banks in detecting risky customer profiles.","AI and machine learning, supported by ample customer transaction and behavior data, help banks detect fraud by recognizing unusual activity patterns. Beyond fraud detection, AI contributes to maintaining customer privacy, monitoring transfers, assisting with virtual customer services, and optimizing lending decisions. AI-driven loan systems examine credit histories to guide banks toward more accurate and profitable loan approvals.",0
"Predictive Analytics-AI systems are automated to pull new data from numerous sources without the need to be pulled manually. This is termed auto-feeding of data. AI-driven online surveys are the best example of an auto-feeding system. Besides data collection, the AI system maintains high-quality data by autonomously verifying input data.","AI systems can automatically gather new data from multiple sources without manual intervention, a process called auto-feeding. AI-driven online surveys are a prime example of such systems. In addition to collecting data, AI ensures data quality by autonomously verifying the accuracy of input information.",1
"Predictive Analytics-AI systems are automated to pull new data from numerous sources without the need to be pulled manually. This is termed auto-feeding of data. AI-driven online surveys are the best example of an auto-feeding system. Besides data collection, the AI system maintains high-quality data by autonomously verifying input data.","AI enables automatic collection of data from various sources, eliminating the need for manual input. This process, known as auto-feeding, is exemplified by AI-powered online surveys. Beyond gathering data, AI also maintains data quality by independently checking the validity of the information.",1
"Predictive Analytics-AI systems are automated to pull new data from numerous sources without the need to be pulled manually. This is termed auto-feeding of data. AI-driven online surveys are the best example of an auto-feeding system. Besides data collection, the AI system maintains high-quality data by autonomously verifying input data.","AI systems are capable of retrieving data from multiple sources automatically, without human intervention, through what is called auto-feeding. Examples include AI-based online surveys. These systems not only collect information but also ensure its accuracy and reliability by verifying inputs independently.",0
"AI approach in banking has catered to the cybersecurity teams in dealing with sensitive information. With the help of NLP algorithms, banks carry out security checks such as captcha verification, and facial recognition – identifying and isolating malicious behavior – anticipating the attacker’s next step, thus making the whole process proactive and structured.","AI in banking has supported cybersecurity teams in managing sensitive information. Using NLP algorithms, banks perform security checks such as CAPTCHA verification and facial recognition, detect and isolate malicious behavior, anticipate attackers’ actions, and make the entire process proactive and organized.",1
"AI approach in banking has catered to the cybersecurity teams in dealing with sensitive information. With the help of NLP algorithms, banks carry out security checks such as captcha verification, and facial recognition – identifying and isolating malicious behavior – anticipating the attacker’s next step, thus making the whole process proactive and structured.","The adoption of AI in banking helps cybersecurity teams handle sensitive data. Through NLP techniques, banks carry out security measures like CAPTCHA and facial recognition, identify suspicious behavior, predict potential attacks, and structure the security process in a proactive manner.",1
"AI approach in banking has catered to the cybersecurity teams in dealing with sensitive information. With the help of NLP algorithms, banks carry out security checks such as captcha verification, and facial recognition – identifying and isolating malicious behavior – anticipating the attacker’s next step, thus making the whole process proactive and structured.","In the banking sector, AI assists cybersecurity teams in protecting sensitive information. NLP-based methods enable automated security procedures such as CAPTCHA checks and facial recognition, allowing banks to detect threats, anticipate malicious activity, and maintain a proactive and systematic defen",0
"The term UPS is a shortened form of Uninterruptible Power Supply. As the name suggests, the UPS system protects your electronic equipment from power fluctuations. The other crucial functions include providing battery backup power and deals with line noise interferences. The range of electronic appliances includes PCs, servers, home theatre, gaming, etc.","UPS stands for Uninterruptible Power Supply. As the name indicates, a UPS system protects electronic devices from power fluctuations. Its other important functions include supplying battery backup power and handling line noise interference. It is commonly used for electronic equipment such as PCs, servers, home theatres, and gaming systems.",1
"The term UPS is a shortened form of Uninterruptible Power Supply. As the name suggests, the UPS system protects your electronic equipment from power fluctuations. The other crucial functions include providing battery backup power and deals with line noise interferences. The range of electronic appliances includes PCs, servers, home theatre, gaming, etc.","The term UPS refers to an Uninterruptible Power Supply that safeguards electronic equipment against power fluctuations. In addition to providing battery backup, it helps manage line noise disturbances. UPS systems are widely used with devices like personal computers, servers, home theatre systems, and gaming equipment.",1
"The term UPS is a shortened form of Uninterruptible Power Supply. As the name suggests, the UPS system protects your electronic equipment from power fluctuations. The other crucial functions include providing battery backup power and deals with line noise interferences. The range of electronic appliances includes PCs, servers, home theatre, gaming, etc.","An Uninterruptible Power Supply, commonly known as a UPS, is designed to protect electronic devices from unstable power conditions. It ensures continuous power through battery backup while also minimizing electrical noise disturbances. UPS units are typically used with systems such as computers, servers, gaming consoles, and home entertainment setups.",0
"Standby UPS  - This is the most inexpensive version of the UPS. The standby UPS works by tracking the main supply voltage along with frequency variations. In case of excessive power supply, the load is transferred to the inverter within a few milliseconds. ","A Standby UPS is the most affordable type of UPS. It continuously monitors the main supply voltage and frequency variations. When excessive power fluctuations occur, the load is shifted to the inverter within a few milliseconds.",1
"Standby UPS  - This is the most inexpensive version of the UPS. The standby UPS works by tracking the main supply voltage along with frequency variations. In case of excessive power supply, the load is transferred to the inverter within a few milliseconds. ","The standby UPS is the least expensive UPS option available. It keeps track of the input power supply and frequency changes. If abnormal power conditions are detected, the system transfers the load to the inverter in a very short time.",1
"Standby UPS  - This is the most inexpensive version of the UPS. The standby UPS works by tracking the main supply voltage along with frequency variations. In case of excessive power supply, the load is transferred to the inverter within a few milliseconds. ","standby UPS is a cost-effective power backup solution that monitors incoming voltage and frequency levels. When the power supply goes beyond safe limits, it quickly switches the connected load to inverter mode, ensuring minimal interruption.",0
"On-Line UPS ->This is the most common type of UPS system compromising of rectifier, inverter, and batteries. As the term suggests, the appliance runs on the power of the UPS battery directly instead of the main power supply. In the whole process, the power is converted to DC and then AC. The online UPS has an up hand over the other three UPS system as it protects from nine power quality problems with zero transfer time. ","An Online UPS is the most commonly used UPS system and consists of a rectifier, inverter, and batteries. As the name implies, the equipment operates directly on battery power rather than the main supply. During operation, power is converted from AC to DC and then back to AC. Compared to other UPS systems, an online UPS offers superior protection by handling nine power quality issues with zero transfer time.",1
"On-Line UPS ->This is the most common type of UPS system compromising of rectifier, inverter, and batteries. As the term suggests, the appliance runs on the power of the UPS battery directly instead of the main power supply. In the whole process, the power is converted to DC and then AC. The online UPS has an up hand over the other three UPS system as it protects from nine power quality problems with zero transfer time. ","The online UPS is a widely used type of UPS that includes components such as a rectifier, inverter, and battery unit. It supplies power directly from the battery instead of the main source. The power conversion process involves AC to DC and then DC back to AC. This UPS has an advantage over other types as it provides protection against multiple power quality problems without any transfer delay.",1
"On-Line UPS ->This is the most common type of UPS system compromising of rectifier, inverter, and batteries. As the term suggests, the appliance runs on the power of the UPS battery directly instead of the main power supply. In the whole process, the power is converted to DC and then AC. The online UPS has an up hand over the other three UPS system as it protects from nine power quality problems with zero transfer time. ","An online UPS delivers continuous power by supplying electricity from its battery system at all times. It uses internal rectifier and inverter units to convert incoming AC power to DC and then back to AC before reaching the load. This design ensures zero switching delay and offers comprehensive protection against various power quality disturbances, making it more reliable than other UPS types.",0
"The line-interactive UPS system works by splitting the power supply into AC and DC. The DC is used to charge the UPS battery. Meanwhile, the AC is feed to the electronic power supply. In case of any power fluctuations, it smoothes out the spikes and noise with a transfer time of around 3-4 minutes.","A line-interactive UPS operates by dividing the incoming power supply into AC and DC. The DC component charges the UPS battery, while the AC power is supplied directly to the electronic equipment. When power fluctuations occur, the system smooths voltage spikes and noise with a transfer time of approximately 3–4 minutes.",1
"The line-interactive UPS system works by splitting the power supply into AC and DC. The DC is used to charge the UPS battery. Meanwhile, the AC is feed to the electronic power supply. In case of any power fluctuations, it smoothes out the spikes and noise with a transfer time of around 3-4 minutes.","The line-interactive UPS system splits the input power into AC and DC, where the DC is used for battery charging and the AC powers the connected devices. During voltage variations, it regulates spikes and electrical noise, offering a transfer time of about 3–4 minutes.",1
"The line-interactive UPS system works by splitting the power supply into AC and DC. The DC is used to charge the UPS battery. Meanwhile, the AC is feed to the electronic power supply. In case of any power fluctuations, it smoothes out the spikes and noise with a transfer time of around 3-4 minutes.","A line-interactive UPS regulates power by simultaneously charging its battery using DC conversion while supplying AC power to connected devices. When voltage irregularities occur, the system stabilizes fluctuations and filters noise, ensuring short and controlled switching during power disturbances.",0
"The APC UPS is a series of UPS manufactured by American Power Conversion (APC). The APC UPS has been powered to serve four application areas: Home computers, data centers, networks, and servers. It offers entry-level to scalable runtime efficiency which is best suited for home networks, servers, routers, etc. The APC Smart-UPS system falls under the Line-Interactive UPS category. The different power configurations we provide under APC UPS range from 0.6 KVA to 100 KVA.","The APC UPS is a range of uninterruptible power supplies manufactured by American Power Conversion (APC). These UPS systems are designed to support four major application areas: home computers, data centers, networks, and servers. APC UPS solutions offer entry-level to scalable runtime efficiency, making them suitable for home networks, routers, and servers. The APC Smart-UPS belongs to the line-interactive UPS category, with power capacities ranging from 0.6 KVA to 100 KVA.",1
"The APC UPS is a series of UPS manufactured by American Power Conversion (APC). The APC UPS has been powered to serve four application areas: Home computers, data centers, networks, and servers. It offers entry-level to scalable runtime efficiency which is best suited for home networks, servers, routers, etc. The APC Smart-UPS system falls under the Line-Interactive UPS category. The different power configurations we provide under APC UPS range from 0.6 KVA to 100 KVA.","APC UPS systems are produced by American Power Conversion and are intended for use in home computers, data centers, networks, and server environments. They provide scalable runtime efficiency starting from entry-level solutions, making them ideal for home networking equipment, routers, and servers. The APC Smart-UPS is classified under the line-interactive UPS type, offering power ratings between 0.6 KVA and 100 KVA.",1
"The APC UPS is a series of UPS manufactured by American Power Conversion (APC). The APC UPS has been powered to serve four application areas: Home computers, data centers, networks, and servers. It offers entry-level to scalable runtime efficiency which is best suited for home networks, servers, routers, etc. The APC Smart-UPS system falls under the Line-Interactive UPS category. The different power configurations we provide under APC UPS range from 0.6 KVA to 100 KVA.","Manufactured by American Power Conversion, APC UPS solutions are designed to support a wide range of applications, including home computing, enterprise data centers, networking infrastructure, and servers. These systems offer flexible and scalable power backup options suitable for both small and large setups. The Smart-UPS series operates on line-interactive technology and is available in power capacities ranging from 0.6 KVA up to 100 KVA.",0
"The APC UPS is a series of UPS manufactured by American Power Conversion (APC). The APC UPS has been powered to serve four application areas: Home computers, data centers, networks, and servers. It offers entry-level to scalable runtime efficiency which is best suited for home networks, servers, routers, etc. The APC Smart-UPS system falls under the Line-Interactive UPS category. The different power configurations we provide under APC UPS range from 0.6 KVA to 100 KVA.","The line-interactive UPS system works by splitting the power supply into AC and DC. The DC is used to charge the UPS battery. Meanwhile, the AC is feed to the electronic power supply. In case of any power fluctuations, it smoothes out the spikes and noise with a transfer time of around 3-4 minutes.",0
"Narrow AI:The theory and development of computer systems that perform tasks that augment for human intelligence such as perceiving, classifying, learning, abstracting, reasoning, and/or acting","Narrow AI is the theory and development of computer systems that perform tasks which augment human intelligence, such as perceiving, classifying, learning, abstracting, reasoning, and acting.",1
"Narrow AI:The theory and development of computer systems that perform tasks that augment for human intelligence such as perceiving, classifying, learning, abstracting, reasoning, and/or acting","Narrow Artificial Intelligence refers to the theory and development of computer systems designed to carry out tasks that enhance human intelligence, including activities like perception, classification, learning, abstraction, reasoning, and action.",1
"Narrow AI:The theory and development of computer systems that perform tasks that augment for human intelligence such as perceiving, classifying, learning, abstracting, reasoning, and/or acting","Narrow AI focuses on building specialized computer systems that are capable of performing specific intelligent tasks traditionally associated with humans, such as learning from data, recognizing patterns, reasoning logically, and taking actions.",0
"There are two key ideas underlying classification trees. The first is the idea of recursive partitioning of the space of the independent variables. The second is of pruning using validation data. In the next few sections we describe recursive partitioning, subsequent sections explain the pruning methodology.","There are two main ideas behind classification trees. The first idea is recursive partitioning of the independent variable space. The second idea involves pruning using validation data. The following sections describe recursive partitioning, while later sections explain the pruning method.",1
"There are two key ideas underlying classification trees. The first is the idea of recursive partitioning of the space of the independent variables. The second is of pruning using validation data. In the next few sections we describe recursive partitioning, subsequent sections explain the pruning methodology.","Classification trees are based on two important concepts. One concept is the recursive division of the independent variable space, and the other involves pruning the tree with the help of validation data. The upcoming sections discuss recursive partitioning, followed by an explanation of the pruning approach.",1
"There are two key ideas underlying classification trees. The first is the idea of recursive partitioning of the space of the independent variables. The second is of pruning using validation data. In the next few sections we describe recursive partitioning, subsequent sections explain the pruning methodology.","The construction of classification trees relies on two fundamental principles. First, the data space is repeatedly split into smaller regions based on predictor variables. Second, the model is simplified by removing unnecessary branches using validation data. These ideas are explained in detail in the sections that follow.",0
"There are two key ideas underlying classification trees. The first is the idea of recursive partitioning of the space of the independent variables. The second is of pruning using validation data. In the next few sections we describe recursive partitioning, subsequent sections explain the pruning methodology.","The line-interactive UPS system works by splitting the power supply into AC and DC. The DC is used to charge the UPS battery. Meanwhile, the AC is feed to the electronic power supply. In case of any power fluctuations, it smoothes out the spikes and noise with a transfer time of around 3-4 minutes.",0
"original text = Recursive Partitioning  - Let us denote the dependent (categorical) variable by y and the independent variables by x1, x2,  ","Recursive partitioning is a tree-based approach used to segment a multidimensional feature space when the target variable is categorical. The algorithm iteratively selects predictor variables and corresponding threshold values to divide the feature space into separate regions. Each split separates the data into subsets based on whether observations fall below or above the chosen threshold. As the process continues, the regions become increasingly refined. The primary goal is to create regions that are as class-consistent as possible, although perfect separation may not always be achievable when different classes share identical predictor values.",1
x3 …xp. Recursive partitioning divides up the p dimensional space of the x variables into non,"ecursive partitioning considers the dependent categorical variable as y and the independent variables as x1, x2, x3 … xp. It divides the p-dimensional space of the x variables into non-overlapping rectangles in a recursive manner. Initially, one variable xi is chosen along with a split value si to divide the space into two regions: one rectangle with xi ? si and another with xi > si. One of these regions is then further split by selecting a variable and a split value, resulting in additional rectangular regions. This process continues to form smaller rectangles, with the aim of making each rectangle as homogeneous or pure as possible, meaning that it contains points belonging to a single class.",0
overlapping rectangles. This division is accomplished recursively. First one of the variables is ,"In recursive partitioning, the response variable y is categorical, while the predictors are represented as x1, x2, x3 up to xp. The method works by repeatedly dividing the p-dimensional predictor space into distinct rectangular regions. At each step, a variable is selected and split at a chosen value to create two subregions based on whether the variable is less than or greater than the split point. These regions are further subdivided using similar splits, producing progressively smaller rectangles. The objective is to partition the predictor space so that each resulting region contains observations that mostly belong to the same class.",0
"selected, say xi and a value of xi, say si is chosen to split the p dimensional space into two parts: ","Recursive partitioning is a tree-based approach used to segment a multidimensional feature space when the target variable is categorical. The algorithm iteratively selects predictor variables and corresponding threshold values to divide the feature space into separate regions. Each split separates the data into subsets based on whether observations fall below or above the chosen threshold. As the process continues, the regions become increasingly refined. The primary goal is to create regions that are as class-consistent as possible, although perfect separation may not always be achievable when different classes share identical predictor values.",1
one part is the p-dimensional hyper-rectangle that contains all the points with xi £ si and the other ,"The line-interactive UPS system works by splitting the power supply into AC and DC. The DC is used to charge the UPS battery. Meanwhile, the AC is feed to the electronic power supply. In case of any power fluctuations, it smoothes out the spikes and noise with a transfer time of around 3-4 minutes.",0
part is the hyper-rectangle with all the points with xi > ci. Then one of these two parts is divided ,"The line-interactive UPS system works by splitting the power supply into AC and DC. The DC is used to charge the UPS battery. Meanwhile, the AC is feed to the electronic power supply. In case of any power fluctuations, it smoothes out the spikes and noise with a transfer time of around 3-4 minutes.",0
in a similar manner by choosing a variable again (it could be xi or another variable) and a split ,"UPS stands for Uninterruptible Power Supply. As the name indicates, a UPS system protects electronic devices from power fluctuations. Its other important functions include supplying battery backup power and handling line noise interference. It is commonly used for electronic equipment such as PCs, servers, home theatres, and gaming systems.",0
value for the variable. This results in three rectangular regions. (From here onwards we refer to ,value for the variable. This results in three rectangular regions. (From here onwards we refer to ,1
hyper-rectangles simply as rectangles.) This process is continued so that we get smaller and ,value for the variable. This results in three rectangular regions. (From here onwards we refer to ,1
smaller rectangles. The idea is to divide the entire x-space up into rectangles such that each ,value for the variable. This results in three rectangular regions. (From here onwards we refer to ,0
rectangle is as homogenous or ‘pure’ as possible. By ‘pure’ we mean containing points that ,rectangle is as homogenous or ‘pure’ as possible. By ‘pure’ we mean containing points that ,1
"belong to just one class. (Of course, this is not always possible, as there may be points that belong ","belong to just one class. (Of course, this is not always possible, as there may be points that belong ",1
to different classes but have exactly the same values for every one of the independent variables.),"The line-interactive UPS system works by splitting the power supply into AC and DC. The DC is used to charge the UPS battery. Meanwhile, the AC is feed to the electronic power supply. In case of any power fluctuations, it smoothes out the spikes and noise with a transfer time of around 3-4 minutes.",0
"original text = Recursive Partitioning  - Let us denote the dependent (categorical) variable by y and the independent variables by x1, x2,  ","The line-interactive UPS system works by splitting the power supply into AC and DC. The DC is used to charge the UPS battery. Meanwhile, the AC is feed to the electronic power supply. In case of any power fluctuations, it smoothes out the spikes and noise with a transfer time of around 3-4 minutes.",0
"original text = Recursive Partitioning  - Let us denote the dependent (categorical) variable by y and the independent variables by x1, x2,  ","The line-interactive UPS system works by splitting the power supply into AC and DC. The DC is used to charge the UPS battery. Meanwhile, the AC is feed to the electronic power supply. In case of any power fluctuations, it smoothes out the spikes and noise with a transfer time of around 3-4 minutes.",0
"15.2.2 Why Tree Diagrams Work -We’ve now settled into a routine of solving probability problems using tree diagrams. But we’ve left a big question unaddressed: what is the mathematical justification behind those funny little pictures? Why do they work?.The answer involves conditional probabilities. In fact, the probabilities that we’ve been recording on the edges of tree diagrams are conditional probabilities.","We have become accustomed to solving probability problems with tree diagrams, but a question remains: what is the mathematical reason these diagrams work? The answer lies in conditional probabilities. The probabilities noted along the branches of tree diagrams are indeed conditional probabilities.",1
"15.2.2 Why Tree Diagrams Work -We’ve now settled into a routine of solving probability problems using tree diagrams. But we’ve left a big question unaddressed: what is the mathematical justification behind those funny little pictures? Why do they work?.The answer involves conditional probabilities. In fact, the probabilities that we’ve been recording on the edges of tree diagrams are conditional probabilities.","While tree diagrams have become a standard tool for solving probability questions, the underlying justification often goes unmentioned. These diagrams work because the probabilities assigned to their branches are conditional probabilities, reflecting the likelihood of events given preceding outcomes.",1
"15.2.2 Why Tree Diagrams Work -We’ve now settled into a routine of solving probability problems using tree diagrams. But we’ve left a big question unaddressed: what is the mathematical justification behind those funny little pictures? Why do they work?.The answer involves conditional probabilities. In fact, the probabilities that we’ve been recording on the edges of tree diagrams are conditional probabilities.","Tree diagrams are a useful method for tackling probability problems, but their effectiveness comes from the concept of conditional probability. Each branch of a tree diagram represents the probability of an event occurring given the events that came before it, which explains why this visual approach produces correct results.",0
"There is an unpleasant condition called BO suffered by 10% of the population. There are no prior symptoms; victims just suddenly start to stink. Fortunately, there is a test for latent BO before things start to smell. The test is not perfect, however: If you have the condition, there is a 10% chance that the test will say you do not. These are called “false negatives”. If you do not have the condition, there is a 30% chance that the test will say you do. These are “false positives”.","Body Odor (BO) is a condition affecting 10% of people, often without prior warning. There is a test that can detect latent BO before any smell occurs, but it is not completely accurate. People with BO have a 10% chance of receiving a negative test result, known as a “false negative.” Those without BO have a 30% chance of receiving a positive test result, which is a “false positive.”",1
"There is an unpleasant condition called BO suffered by 10% of the population. There are no prior symptoms; victims just suddenly start to stink. Fortunately, there is a test for latent BO before things start to smell. The test is not perfect, however: If you have the condition, there is a 10% chance that the test will say you do not. These are called “false negatives”. If you do not have the condition, there is a 30% chance that the test will say you do. These are “false positives”.","BO, or body odor, affects roughly 10% of the population and usually appears suddenly with no preceding symptoms. A diagnostic test exists to detect latent cases, but it is not flawless. Individuals who have BO may test negative 10% of the time (false negatives), and individuals who are free from BO may test positive 30% of the time (false positives).",1
"There is an unpleasant condition called BO suffered by 10% of the population. There are no prior symptoms; victims just suddenly start to stink. Fortunately, there is a test for latent BO before things start to smell. The test is not perfect, however: If you have the condition, there is a 10% chance that the test will say you do not. These are called “false negatives”. If you do not have the condition, there is a 30% chance that the test will say you do. These are “false positives”.","About 10% of people experience body odor (BO), often appearing abruptly without warning signs. A screening test can identify BO before noticeable odor develops, although it is imperfect. The test may fail to detect the condition in 10% of affected individuals (false negatives) and incorrectly indicate BO in 30% of unaffected individuals (false positives).",0
"Let A be the event that the person has BO. Let B be the event that the test was positive. The outcomes in each event are marked in the tree diagram. We want to find Pr(A | B), the probability that a person has BO, given that the test was positive.","Let A represent the event that a person has BO, and B represent the event that the test result is positive. The outcomes of these events are shown in the tree diagram. We aim to calculate Pr(A | B), the probability that a person has BO given a positive test result.",1
"Let A be the event that the person has BO. Let B be the event that the test was positive. The outcomes in each event are marked in the tree diagram. We want to find Pr(A | B), the probability that a person has BO, given that the test was positive.","Consider event A as the presence of BO and event B as a positive test outcome. The possible results for each event are displayed in the tree diagram. Our goal is to determine Pr(A | B), which gives the likelihood that a person has BO when the test indicates positive.",1
"Let A be the event that the person has BO. Let B be the event that the test was positive. The outcomes in each event are marked in the tree diagram. We want to find Pr(A | B), the probability that a person has BO, given that the test was positive.","Define A as the occurrence of body odor in an individual and B as a positive test finding. Using the tree diagram to track the outcomes, we seek the conditional probability Pr(A | B), or the chance that someone actually has BO given that their test comes back positive.",0
"Wecan also compute the probability that the test is correct for a random person. This event consists of two outcomes. The person could have the condition and test positive (probability 0:09), or the person could be healthy and test negative (probability 0:63). Therefore, the test is correct with probability 0:09 C 0:63 D 0:72. This is a relief; the test is correct almost three-quarters of the time.","We can calculate the probability that the test gives the correct result for a randomly selected person. There are two possibilities: the person has the condition and tests positive (probability 0.09) or the person is healthy and tests negative (probability 0.63). Thus, the probability of a correct test is 0.09 + 0.63 = 0.72, meaning the test is accurate nearly three-quarters of the time.",1
"Wecan also compute the probability that the test is correct for a random person. This event consists of two outcomes. The person could have the condition and test positive (probability 0:09), or the person could be healthy and test negative (probability 0:63). Therefore, the test is correct with probability 0:09 C 0:63 D 0:72. This is a relief; the test is correct almost three-quarters of the time.","The probability that a random individual receives a correct test result can be determined by considering two cases. One, the person has the condition and the test detects it correctly (0.09), and two, the person does not have the condition and the test shows negative (0.63). Adding these probabilities gives 0.72, so the test is correct about 72% of the time.",1
"Wecan also compute the probability that the test is correct for a random person. This event consists of two outcomes. The person could have the condition and test positive (probability 0:09), or the person could be healthy and test negative (probability 0:63). Therefore, the test is correct with probability 0:09 C 0:63 D 0:72. This is a relief; the test is correct almost three-quarters of the time.","For any randomly chosen individual, the test result can be accurate in two situations: either the person with the condition tests positive, or a healthy person tests negative. The corresponding probabilities are 0.09 and 0.63, respectively. Summing them gives an overall correctness of 0.72, indicating that the test reliably provides the right result in roughly three out of four cases.",0
